,date,open,high,low,close,volume,oi,rsi,CMO,tradingsymbol,instrument_type,strike,expiry,lot_size,name,Volume_20_sma,close 50 sma,OI_20_sma,Volume x times,OI_below_20_sma,OI_trend,volume_trend,price>50sma,volume_qualify,rsi_signal,CMO_signal,rsi_trend,greencandle,OI_change,OI_change_cum,new_date,typical price,v*p,cum v*p,cum v,vwap,price_minus_vwap,price_vs_vwap,price_away_vwap,qualify,OI_Value,OI_change_abs
2256,2022-06-29 09:15:00+05:30,14.4,14.4,5.4,6.4,1093050,1567100,25.34,-52.32722143864598,NIFTY22JUN16050CE,CE,16050.0,2022-06-30,50,NIFTY,314597.5,24.119,1658675.0,3.47,True,True,True,False,True,True,False,False,False,-19000.0,1541200.0,2022-06-29,8,8744400,8744400,1093050,8.0,0.0,False,False,False,15514290.0,19000.0
2257,2022-06-29 09:17:00+05:30,6.45,6.5,5.55,5.7,1048300,1582750,24.88,-67.87878787878789,NIFTY22JUN16050CE,CE,16050.0,2022-06-30,50,NIFTY,361620.0,23.785,1653440.0,2.9,True,False,True,False,True,True,False,False,False,15650.0,1556850.0,2022-06-29,5,5241500,13985900,2141350,6.53,-1.53,False,False,False,9536068.75,15650.0
2258,2022-06-29 09:19:00+05:30,5.7,5.95,5.3,5.35,1514600,2160500,24.64,-67.33436055469953,NIFTY22JUN16050CE,CE,16050.0,2022-06-30,50,NIFTY,429557.5,23.456,1677092.5,3.53,False,False,True,False,True,True,False,False,False,577750.0,2134600.0,2022-06-29,5,7573000,21558900,3655950,5.9,-0.9,False,True,False,12152812.5,577750.0
2259,2022-06-29 09:21:00+05:30,5.4,6.05,5.4,5.75,924300,2160500,25.53,-64.76043276661515,NIFTY22JUN16050CE,CE,16050.0,2022-06-30,50,NIFTY,466120.0,23.131,1700482.5,1.98,False,False,True,False,True,True,False,True,True,0.0,2134600.0,2022-06-29,5,4621500,26180400,4580250,5.72,-0.72,True,True,False,12368862.5,0.0
2260,2022-06-29 09:23:00+05:30,5.75,6.15,5.65,6.05,929250,2544400,26.24,-63.496932515337434,NIFTY22JUN16050CE,CE,16050.0,2022-06-30,50,NIFTY,500492.5,22.823,1744007.5,1.86,False,False,True,False,True,True,False,True,True,383900.0,2518500.0,2022-06-29,5,4646250,30826650,5509500,5.6,-0.6,True,True,False,15011960.0,383900.0
2261,2022-06-29 09:25:00+05:30,6.0,6.35,5.85,6.15,718300,2670500,26.49,-69.74522292993632,NIFTY22JUN16050CE,CE,16050.0,2022-06-30,50,NIFTY,518135.0,22.521,1793837.5,1.39,False,False,True,False,True,True,False,True,True,126100.0,2644600.0,2022-06-29,6,4309800,35136450,6227800,5.64,0.36,True,True,False,16290049.999999998,126100.0
2262,2022-06-29 09:27:00+05:30,6.05,6.35,6.0,6.05,532200,2670500,26.39,-75.69786535303777,NIFTY22JUN16050CE,CE,16050.0,2022-06-30,50,NIFTY,530555.0,22.273999999999997,1844807.5,1.0,False,False,True,False,True,True,False,False,False,0.0,2644600.0,2022-06-29,6,3193200,38329650,6760000,5.67,0.33,True,False,False,16490337.5,0.0
2263,2022-06-29 09:29:00+05:30,6.05,6.25,5.8,5.85,468250,2739000,26.19,-94.23423423423422,NIFTY22JUN16050CE,CE,16050.0,2022-06-30,50,NIFTY,545122.5,21.992000000000004,1897395.0,0.86,False,False,True,False,True,True,False,False,False,68500.0,2713100.0,2022-06-29,5,2341250,40670900,7228250,5.63,-0.63,True,False,False,16502475.000000002,68500.0
2264,2022-06-29 09:31:00+05:30,5.95,6.35,5.75,6.2,645300,2912350,27.25,-7.999999999999999,NIFTY22JUN16050CE,CE,16050.0,2022-06-30,50,NIFTY,564540.0,21.699,1958650.0,1.14,False,False,True,False,True,True,False,True,True,173350.0,2886450.0,2022-06-29,6,3871800,44542700,7873550,5.66,0.34,True,True,False,17619717.5,173350.0
2265,2022-06-29 09:33:00+05:30,6.25,6.4,6.0,6.2,414250,2912350,27.25,27.77777777777774,NIFTY22JUN16050CE,CE,16050.0,2022-06-30,50,NIFTY,573597.5,21.421,2019627.5,0.72,False,False,True,False,True,True,False,False,False,0.0,2886450.0,2022-06-29,6,2485500,47028200,8287800,5.67,0.33,True,False,False,18056570.0,0.0
2266,2022-06-29 09:35:00+05:30,6.25,6.85,6.1,6.45,417650,2999800,28.11,64.70588235294113,NIFTY22JUN16050CE,CE,16050.0,2022-06-30,50,NIFTY,583492.5,21.134,2084697.5,0.72,False,False,True,False,True,False,True,True,True,87450.0,2973900.0,2022-06-29,6,2505900,49534100,8705450,5.69,0.31,True,False,False,19423705.0,87450.0
2267,2022-06-29 09:37:00+05:30,6.55,6.75,6.35,6.6,283400,3044750,28.66,58.62068965517234,NIFTY22JUN16050CE,CE,16050.0,2022-06-30,50,NIFTY,588092.5,20.854,2152015.0,0.48,False,False,True,False,True,False,True,True,True,44950.0,3018850.0,2022-06-29,6,1700400,51234500,8988850,5.7,0.3,True,False,False,19943112.5,44950.0
2268,2022-06-29 09:39:00+05:30,6.55,6.7,6.45,6.5,280350,3044750,28.5,35.999999999999986,NIFTY22JUN16050CE,CE,16050.0,2022-06-30,50,NIFTY,592062.5,20.534000000000002,2219152.5,0.47,False,False,True,False,True,False,False,False,False,0.0,3018850.0,2022-06-29,6,1682100,52916600,9269200,5.71,0.29,True,False,False,20019231.25,0.0
2269,2022-06-29 09:41:00+05:30,6.5,7.45,6.45,7.4,340600,3094250,32.07,60.97560975609754,NIFTY22JUN16050CE,CE,16050.0,2022-06-30,50,NIFTY,588077.5,20.267,2290057.5,0.58,False,False,False,False,True,False,True,True,True,49500.0,3068350.0,2022-06-29,7,2384200,55300800,9609800,5.75,1.25,True,True,False,21505037.5,49500.0
2270,2022-06-29 09:43:00+05:30,7.35,8.0,7.3,7.9,355900,3061650,34.04,75.51020408163266,NIFTY22JUN16050CE,CE,16050.0,2022-06-30,50,NIFTY,582607.5,20.006,2359332.5,0.61,False,True,False,False,True,False,True,True,True,-32600.0,3035750.0,2022-06-29,7,2491300,57792100,9965700,5.8,1.2,True,False,False,23421622.5,32600.0
2271,2022-06-29 09:45:00+05:30,7.85,9.3,7.55,9.0,852900,3061650,38.27,94.02985074626868,NIFTY22JUN16050CE,CE,16050.0,2022-06-30,50,NIFTY,614827.5,19.747,2430625.0,1.39,False,False,True,False,True,False,True,True,True,0.0,3035750.0,2022-06-29,8,6823200,64615300,10818600,5.97,2.03,True,True,False,25794401.250000004,0.0
2272,2022-06-29 09:47:00+05:30,8.95,9.05,7.6,7.6,584400,2925250,35.18,31.818181818181813,NIFTY22JUN16050CE,CE,16050.0,2022-06-30,50,NIFTY,634017.5,19.448999999999998,2496550.0,0.92,False,True,True,False,True,False,False,False,False,-136400.0,2899350.0,2022-06-29,8,4675200,69290500,11403000,6.08,1.92,True,False,False,24352706.249999996,136400.0
2273,2022-06-29 09:49:00+05:30,7.6,9.5,7.55,8.9,469650,2882500,40.03,47.36842105263158,NIFTY22JUN16050CE,CE,16050.0,2022-06-30,50,NIFTY,634532.5,19.177,2560337.5,0.74,False,True,True,False,True,False,False,True,True,-42750.0,2856600.0,2022-06-29,8,3757200,73047700,11872650,6.15,1.85,True,False,False,24573312.5,42750.0
2274,2022-06-29 09:51:00+05:30,8.95,9.4,8.3,9.05,385500,2882500,40.58,46.42857142857144,NIFTY22JUN16050CE,CE,16050.0,2022-06-30,50,NIFTY,626667.5,18.889,2625157.5,0.62,False,False,False,False,True,False,False,True,True,0.0,2856600.0,2022-06-29,8,3084000,76131700,12258150,6.21,1.79,True,False,False,25510125.000000004,0.0
2275,2022-06-29 09:53:00+05:30,9.1,9.45,8.8,9.1,406450,2884600,40.78,45.45454545454545,NIFTY22JUN16050CE,CE,16050.0,2022-06-30,50,NIFTY,633230.0,18.528,2690082.5,0.64,False,False,True,False,True,False,False,True,False,2100.0,2858700.0,2022-06-29,9,3658050,79789750,12664600,6.3,2.7,True,True,False,26321975.0,2100.0
2276,2022-06-29 09:55:00+05:30,9.05,9.4,8.6,9.2,357400,2803450,41.2,49.09090909090908,NIFTY22JUN16050CE,CE,16050.0,2022-06-30,50,NIFTY,596447.5,18.218,2751900.0,0.6,False,True,False,False,True,False,False,True,True,-81150.0,2777550.0,2022-06-29,9,3216600,83006350,13022000,6.37,2.63,True,False,False,25231050.0,81150.0
2277,2022-06-29 09:57:00+05:30,9.1,9.3,8.25,8.3,289650,2803450,38.56,16.363636363636374,NIFTY22JUN16050CE,CE,16050.0,2022-06-30,50,NIFTY,558515.0,17.873,2812935.0,0.52,True,False,False,False,True,False,False,False,False,0.0,2777550.0,2022-06-29,8,2317200,85323550,13311650,6.41,1.59,True,False,False,24600273.75,0.0
2278,2022-06-29 09:59:00+05:30,8.35,9.25,8.2,8.7,276350,2782050,40.38,14.814814814814802,NIFTY22JUN16050CE,CE,16050.0,2022-06-30,50,NIFTY,496602.5,17.483,2844012.5,0.56,True,True,False,False,True,False,False,True,True,-21400.0,2756150.0,2022-06-29,8,2210800,87534350,13588000,6.44,1.56,True,False,False,24273386.25,21400.0
2279,2022-06-29 10:01:00+05:30,8.75,9.45,8.45,9.15,279150,2798750,42.46,3.1578947368421137,NIFTY22JUN16050CE,CE,16050.0,2022-06-30,50,NIFTY,464345.0,17.128,2875925.0,0.6,True,False,False,False,True,False,False,True,True,16700.0,2772850.0,2022-06-29,9,2512350,90046700,13867150,6.49,2.51,True,True,False,25048812.499999996,16700.0
2280,2022-06-29 10:03:00+05:30,9.2,9.5,9.0,9.05,369700,2798750,42.11,42.02898550724644,NIFTY22JUN16050CE,CE,16050.0,2022-06-30,50,NIFTY,436367.5,16.772000000000002,2888642.5,0.85,True,False,False,False,True,False,False,False,False,0.0,2772850.0,2022-06-29,9,3327300,93374000,14236850,6.56,2.44,True,False,False,25888437.5,0.0
2281,2022-06-29 10:05:00+05:30,9.05,9.35,8.4,8.45,243050,2700950,39.98,-16.363636363636413,NIFTY22JUN16050CE,CE,16050.0,2022-06-30,50,NIFTY,412605.0,16.39,2890165.0,0.59,True,True,False,False,True,False,False,False,False,-97800.0,2675050.0,2022-06-29,8,1944400,95318400,14479900,6.58,1.42,True,False,False,23970931.25,97800.0
2282,2022-06-29 10:07:00+05:30,8.4,9.15,8.4,8.65,196250,2704600,41.05,-14.285714285714304,NIFTY22JUN16050CE,CE,16050.0,2022-06-30,50,NIFTY,395807.5,16.009,2891870.0,0.5,True,False,False,False,True,False,False,True,True,3650.0,2678700.0,2022-06-29,8,1570000,96888400,14676150,6.6,1.4,True,False,False,23732865.0,3650.0
2283,2022-06-29 10:09:00+05:30,8.75,8.75,7.95,8.15,270600,2704600,39.17,-29.23076923076921,NIFTY22JUN16050CE,CE,16050.0,2022-06-30,50,NIFTY,385925.0,15.695,2890150.0,0.7,True,False,False,False,True,False,False,False,False,0.0,2678700.0,2022-06-29,8,2164800,99053200,14946750,6.63,1.37,True,False,False,22583410.0,0.0
2284,2022-06-29 10:11:00+05:30,8.1,8.7,7.85,8.55,240050,2741500,41.48,-18.309859154929534,NIFTY22JUN16050CE,CE,16050.0,2022-06-30,50,NIFTY,365662.5,15.395999999999999,2881607.5,0.66,True,False,False,False,True,False,False,True,True,36900.0,2715600.0,2022-06-29,8,1920400,100973600,15186800,6.65,1.35,True,False,False,22685912.499999996,36900.0
2285,2022-06-29 10:13:00+05:30,8.55,9.05,8.4,8.95,151550,2733700,43.78,21.311475409836014,NIFTY22JUN16050CE,CE,16050.0,2022-06-30,50,NIFTY,352527.5,15.115,2872675.0,0.43,True,True,False,False,True,False,False,True,True,-7800.0,2707800.0,2022-06-29,8,1212400,102186000,15338350,6.66,1.34,True,False,False,23851532.500000004,7800.0
2286,2022-06-29 10:15:00+05:30,8.9,9.3,8.7,9.3,232000,2733700,45.78,20.000000000000025,NIFTY22JUN16050CE,CE,16050.0,2022-06-30,50,NIFTY,343245.0,14.81,2859370.0,0.68,True,False,False,False,True,False,False,True,True,0.0,2707800.0,2022-06-29,9,2088000,104274000,15570350,6.7,2.3,True,True,False,24603300.0,0.0
2287,2022-06-29 10:17:00+05:30,9.25,11.75,9.25,11.05,1193150,2503150,54.53,44.18604651162789,NIFTY22JUN16050CE,CE,16050.0,2022-06-30,50,NIFTY,388732.5,14.532,2832290.0,3.07,True,True,True,False,True,False,False,True,True,-230550.0,2477250.0,2022-06-29,10,11931500,116205500,16763500,6.93,3.07,True,True,False,26283075.0,230550.0
2288,2022-06-29 10:19:00+05:30,11.15,12.35,11.05,12.15,731000,2430950,59.0,58.49056603773582,NIFTY22JUN16050CE,CE,16050.0,2022-06-30,50,NIFTY,411265.0,14.283,2801600.0,1.78,True,True,True,False,True,False,True,True,True,-72200.0,2405050.0,2022-06-29,11,8041000,124246500,17494500,7.1,3.9,True,True,False,28442115.0,72200.0
2289,2022-06-29 10:21:00+05:30,12.4,12.65,11.0,12.15,526500,2430950,59.0,78.72340425531915,NIFTY22JUN16050CE,CE,16050.0,2022-06-30,50,NIFTY,420560.0,14.046,2768435.0,1.25,True,False,True,False,True,False,True,False,False,0.0,2405050.0,2022-06-29,11,5791500,130038000,18021000,7.22,3.78,True,False,False,28745983.75,0.0
2290,2022-06-29 10:23:00+05:30,12.3,12.55,11.15,11.5,368500,2382650,55.27,55.339805825242706,NIFTY22JUN16050CE,CE,16050.0,2022-06-30,50,NIFTY,421190.0,13.738,2734485.0,0.87,True,True,True,False,True,False,True,False,False,-48300.0,2356750.0,2022-06-29,11,4053500,134091500,18389500,7.29,3.71,True,False,False,28234402.500000004,48300.0
2291,2022-06-29 10:25:00+05:30,11.5,11.85,10.05,10.55,334300,2413950,50.27,42.85714285714287,NIFTY22JUN16050CE,CE,16050.0,2022-06-30,50,NIFTY,395260.0,13.394,2702100.0,0.85,True,False,False,False,True,False,False,False,False,31300.0,2388050.0,2022-06-29,10,3343000,137434500,18723800,7.34,2.66,True,False,False,26432752.5,31300.0
2292,2022-06-29 10:27:00+05:30,10.5,10.95,10.25,10.3,189600,2413950,49.02,32.11009174311927,NIFTY22JUN16050CE,CE,16050.0,2022-06-30,50,NIFTY,375520.0,13.067,2676535.0,0.5,True,False,False,False,True,False,False,False,False,0.0,2388050.0,2022-06-29,10,1896000,139330500,18913400,7.37,2.63,True,False,False,25587870.0,0.0
2293,2022-06-29 10:29:00+05:30,10.4,11.0,9.75,10.9,238100,2434450,52.11,34.5132743362832,NIFTY22JUN16050CE,CE,16050.0,2022-06-30,50,NIFTY,363942.5,12.75,2654132.5,0.65,True,False,False,False,True,False,False,True,True,20500.0,2408550.0,2022-06-29,10,2381000,141711500,19151500,7.4,2.6,True,False,False,25257418.75,20500.0
2294,2022-06-29 10:31:00+05:30,10.8,11.2,10.6,10.8,162200,2476000,51.55,27.777777777777786,NIFTY22JUN16050CE,CE,16050.0,2022-06-30,50,NIFTY,352777.5,12.444,2633807.5,0.46,True,False,False,False,True,False,False,False,False,41550.0,2450100.0,2022-06-29,10,1622000,143333500,19313700,7.42,2.58,True,False,False,26988399.999999996,41550.0
2295,2022-06-29 10:33:00+05:30,10.8,12.1,10.8,11.65,214850,2476000,55.9,13.33333333333333,NIFTY22JUN16050CE,CE,16050.0,2022-06-30,50,NIFTY,343197.5,12.185,2613377.5,0.63,True,False,False,False,True,False,False,True,True,0.0,2450100.0,2022-06-29,11,2363350,145696850,19528550,7.46,3.54,True,True,False,28350200.0,0.0
2296,2022-06-29 10:35:00+05:30,11.65,11.85,10.65,10.75,263600,2491600,50.71,-32.55813953488374,NIFTY22JUN16050CE,CE,16050.0,2022-06-30,50,NIFTY,338507.5,11.891000000000002,2597785.0,0.78,True,False,False,False,True,False,False,False,False,15600.0,2465700.0,2022-06-29,11,2899600,148596450,19792150,7.51,3.49,True,False,False,28030500.0,15600.0
2297,2022-06-29 10:37:00+05:30,10.7,11.1,10.3,10.5,268550,2654500,49.34,-36.26373626373628,NIFTY22JUN16050CE,CE,16050.0,2022-06-30,50,NIFTY,337452.5,11.596000000000002,2590337.5,0.8,False,False,False,False,True,False,False,False,False,162900.0,2628600.0,2022-06-29,10,2685500,151281950,20060700,7.54,2.46,True,False,False,28403149.999999996,162900.0
2298,2022-06-29 10:39:00+05:30,10.45,10.7,9.25,9.25,288600,2654500,43.07,-43.68932038834953,NIFTY22JUN16050CE,CE,16050.0,2022-06-30,50,NIFTY,338065.0,11.282,2583960.0,0.85,False,False,True,False,True,False,False,False,False,0.0,2628600.0,2022-06-29,9,2597400,153879350,20349300,7.56,1.44,True,False,False,26478637.5,0.0
2299,2022-06-29 10:41:00+05:30,9.25,10.15,8.85,9.6,460950,2714050,45.17,-20.879120879120908,NIFTY22JUN16050CE,CE,16050.0,2022-06-30,50,NIFTY,347155.0,10.912,2579725.0,1.33,False,False,True,False,True,False,False,True,True,59550.0,2688150.0,2022-06-29,9,4148550,158027900,20810250,7.59,1.41,True,False,False,25783475.0,59550.0
2300,2022-06-29 10:43:00+05:30,9.55,9.85,9.1,9.35,144550,2775000,43.92,-20.879120879120908,NIFTY22JUN16050CE,CE,16050.0,2022-06-30,50,NIFTY,335897.5,10.555000000000001,2578537.5,0.43,False,False,False,False,True,False,False,False,False,60950.0,2749100.0,2022-06-29,9,1300950,159328850,20954800,7.6,1.4,True,False,False,26293125.0,60950.0
2301,2022-06-29 10:45:00+05:30,9.35,9.35,8.7,9.0,193000,2775000,42.17,-44.18604651162792,NIFTY22JUN16050CE,CE,16050.0,2022-06-30,50,NIFTY,333395.0,10.201,2582240.0,0.58,False,False,False,False,True,False,False,False,False,0.0,2749100.0,2022-06-29,9,1737000,161065850,21147800,7.62,1.38,True,False,False,25044374.999999996,0.0
2302,2022-06-29 10:47:00+05:30,9.0,9.8,8.9,9.7,208050,2789750,46.75,-22.44897959183677,NIFTY22JUN16050CE,CE,16050.0,2022-06-30,50,NIFTY,333985.0,9.86,2586497.5,0.62,False,False,True,False,True,False,False,True,True,14750.0,2763850.0,2022-06-29,9,1872450,162938300,21355850,7.63,1.37,True,False,False,26084162.500000004,14750.0
2303,2022-06-29 10:49:00+05:30,9.7,9.85,9.25,9.5,167350,2821950,45.64,-50.58823529411768,NIFTY22JUN16050CE,CE,16050.0,2022-06-30,50,NIFTY,328822.5,9.488999999999999,2592365.0,0.51,False,False,False,True,True,False,False,False,False,32200.0,2796050.0,2022-06-29,9,1506150,164444450,21523200,7.64,1.36,True,False,False,26949622.500000004,32200.0
2304,2022-06-29 10:51:00+05:30,9.5,9.75,9.05,9.1,117350,2821950,43.41,-44.00000000000003,NIFTY22JUN16050CE,CE,16050.0,2022-06-30,50,NIFTY,322687.5,9.089,2596387.5,0.36,False,False,False,True,True,False,False,False,False,0.0,2796050.0,2022-06-29,9,1056150,165500600,21640550,7.65,1.35,True,False,False,26526330.0,0.0
2305,2022-06-29 10:53:00+05:30,9.05,9.3,8.7,9.05,111750,2826300,43.13,-40.84507042253522,NIFTY22JUN16050CE,CE,16050.0,2022-06-30,50,NIFTY,320697.5,8.63,2601017.5,0.35,False,False,False,True,True,False,False,False,False,4350.0,2800400.0,2022-06-29,9,1005750,166506350,21752300,7.65,1.35,True,False,False,25436700.0,4350.0
2306,2022-06-29 10:55:00+05:30,8.9,9.0,8.4,8.85,244850,2799400,41.95,-16.000000000000025,NIFTY22JUN16050CE,CE,16050.0,2022-06-30,50,NIFTY,321340.0,8.679,2604302.5,0.76,False,True,True,True,True,False,False,False,False,-26900.0,2773500.0,2022-06-29,8,1958800,168465150,21997150,7.66,0.34,True,False,False,24354779.999999996,26900.0
2307,2022-06-29 10:57:00+05:30,8.9,8.9,8.45,8.5,183750,2799400,39.9,-44.000000000000014,NIFTY22JUN16050CE,CE,16050.0,2022-06-30,50,NIFTY,270870.0,8.735,2619115.0,0.68,False,False,False,False,True,False,False,False,False,0.0,2773500.0,2022-06-29,8,1470000,169935150,22180900,7.66,0.34,True,False,False,24284795.000000004,0.0
2308,2022-06-29 10:59:00+05:30,8.5,8.75,7.8,8.0,262550,2813650,37.1,-49.09090909090911,NIFTY22JUN16050CE,CE,16050.0,2022-06-30,50,NIFTY,247447.5,8.788,2638250.0,1.06,False,False,False,False,True,False,False,False,False,14250.0,2787750.0,2022-06-29,8,2100400,172035550,22443450,7.67,0.33,True,False,False,23282953.75,14250.0
2309,2022-06-29 11:01:00+05:30,8.05,8.6,8.0,8.6,250900,2831950,42.32,-13.333333333333353,NIFTY22JUN16050CE,CE,16050.0,2022-06-30,50,NIFTY,233667.5,8.845,2658300.0,1.07,False,False,False,False,True,False,False,True,True,18300.0,2806050.0,2022-06-29,8,2007200,174042750,22694350,7.67,0.33,True,False,False,23505185.000000004,18300.0
2310,2022-06-29 11:03:00+05:30,8.6,9.35,8.55,9.2,298350,2831950,47.06,-17.241379310344836,NIFTY22JUN16050CE,CE,16050.0,2022-06-30,50,NIFTY,230160.0,8.908,2680765.0,1.3,False,False,False,True,True,False,False,True,True,0.0,2806050.0,2022-06-29,9,2685150,176727900,22992700,7.69,1.31,True,True,False,25345952.499999996,0.0
2311,2022-06-29 11:05:00+05:30,9.15,9.6,9.0,9.55,162600,2848750,49.65,1.6393442622951049,NIFTY22JUN16050CE,CE,16050.0,2022-06-30,50,NIFTY,221575.0,8.976,2702505.0,0.73,False,False,False,True,True,False,False,True,True,16800.0,2822850.0,2022-06-29,9,1463400,178191300,23155300,7.7,1.3,True,False,False,26493375.000000004,16800.0
2312,2022-06-29 11:07:00+05:30,9.45,9.7,9.4,9.55,135050,2872350,49.65,16.981132075471734,NIFTY22JUN16050CE,CE,16050.0,2022-06-30,50,NIFTY,218847.5,9.046,2725425.0,0.62,False,False,False,True,True,False,False,False,True,23600.0,2846450.0,2022-06-29,9,1215450,179406750,23290350,7.7,1.3,True,False,False,27430942.500000004,23600.0
2313,2022-06-29 11:09:00+05:30,9.55,9.85,9.3,9.65,161600,2872350,50.46,22.2222222222222,NIFTY22JUN16050CE,CE,16050.0,2022-06-30,50,NIFTY,215022.5,9.122,2747320.0,0.75,False,False,False,True,True,False,False,True,True,0.0,2846450.0,2022-06-29,9,1454400,180861150,23451950,7.71,1.29,True,False,False,27502751.249999996,0.0
2314,2022-06-29 11:11:00+05:30,9.6,9.65,8.5,8.65,149550,2882250,43.05,-5.714285714285694,NIFTY22JUN16050CE,CE,16050.0,2022-06-30,50,NIFTY,214390.0,9.171,2767632.5,0.7,False,False,False,False,True,False,False,False,False,9900.0,2856350.0,2022-06-29,8,1196400,182057550,23601500,7.71,0.29,True,False,False,26156418.749999996,9900.0
2315,2022-06-29 11:13:00+05:30,8.6,9.25,8.6,9.2,145450,2889350,47.6,18.918918918918905,NIFTY22JUN16050CE,CE,16050.0,2022-06-30,50,NIFTY,210920.0,9.231,2788300.0,0.69,False,False,False,False,True,False,False,True,True,7100.0,2863450.0,2022-06-29,9,1309050,183366600,23746950,7.72,1.28,True,True,False,25787448.750000004,7100.0
2316,2022-06-29 11:15:00+05:30,9.25,9.9,9.15,9.85,135350,2889350,52.45,48.051948051948045,NIFTY22JUN16050CE,CE,16050.0,2022-06-30,50,NIFTY,204507.5,9.299,2808187.5,0.66,False,False,False,True,True,False,False,True,True,0.0,2863450.0,2022-06-29,9,1218150,184584750,23882300,7.73,1.27,True,False,False,27521058.75,0.0
2317,2022-06-29 11:17:00+05:30,9.8,10.1,9.5,9.7,188200,2876050,51.27,32.35294117647057,NIFTY22JUN16050CE,CE,16050.0,2022-06-30,50,NIFTY,200490.0,9.360999999999999,2819265.0,0.94,False,True,False,True,True,False,False,False,False,-13300.0,2850150.0,2022-06-29,9,1693800,186278550,24070500,7.74,1.26,True,False,False,28185290.000000004,13300.0
2318,2022-06-29 11:19:00+05:30,9.75,10.2,9.7,9.85,170750,2881000,52.42,22.03389830508475,NIFTY22JUN16050CE,CE,16050.0,2022-06-30,50,NIFTY,194597.5,9.427999999999999,2830590.0,0.88,False,False,False,True,True,False,False,True,True,4950.0,2855100.0,2022-06-29,9,1536750,187815300,24241250,7.75,1.25,True,False,False,28665949.999999996,4950.0
2319,2022-06-29 11:21:00+05:30,9.85,9.85,9.15,9.65,125600,2881000,50.7,3.57142857142856,NIFTY22JUN16050CE,CE,16050.0,2022-06-30,50,NIFTY,177830.0,9.472999999999999,2838937.5,0.71,False,False,False,True,True,False,False,False,False,0.0,2855100.0,2022-06-29,9,1130400,188945700,24366850,7.75,1.25,True,False,False,27369500.0,0.0
2320,2022-06-29 11:23:00+05:30,9.65,10.5,9.5,10.2,260700,2879900,55.07,19.402985074626837,NIFTY22JUN16050CE,CE,16050.0,2022-06-30,50,NIFTY,183637.5,9.519,2844182.5,1.42,False,True,True,True,True,False,False,True,True,-1100.0,2854000.0,2022-06-29,10,2607000,191552700,24627550,7.78,2.22,True,True,False,28799000.0,1100.0
2321,2022-06-29 11:25:00+05:30,10.2,10.65,9.5,9.75,277400,2905750,51.08,2.702702702702695,NIFTY22JUN16050CE,CE,16050.0,2022-06-30,50,NIFTY,187857.5,9.534,2850720.0,1.48,False,False,True,True,True,False,False,False,False,25850.0,2879850.0,2022-06-29,9,2496600,194049300,24904950,7.79,1.21,True,False,False,29275431.249999996,25850.0
2322,2022-06-29 11:27:00+05:30,9.75,10.2,9.15,10.1,162900,2905750,53.88,47.5409836065574,NIFTY22JUN16050CE,CE,16050.0,2022-06-30,50,NIFTY,185600.0,9.584,2856520.0,0.88,False,False,False,True,True,False,False,True,True,0.0,2879850.0,2022-06-29,9,1466100,195515400,25067850,7.8,1.2,True,False,False,28113131.250000004,0.0
2323,2022-06-29 11:29:00+05:30,10.1,10.75,9.9,10.0,313800,2880400,52.95,30.76923076923082,NIFTY22JUN16050CE,CE,16050.0,2022-06-30,50,NIFTY,192922.5,9.606,2859442.5,1.63,False,True,True,True,True,False,False,False,False,-25350.0,2854500.0,2022-06-29,10,3138000,198653400,25381650,7.83,2.17,True,True,False,29740129.999999996,25350.0
2324,2022-06-29 11:31:00+05:30,9.9,11.2,9.75,10.8,438700,2878950,59.04,34.545454545454604,NIFTY22JUN16050CE,CE,16050.0,2022-06-30,50,NIFTY,208990.0,9.641,2862292.5,2.1,False,True,True,True,True,False,False,True,True,-1450.0,2853050.0,2022-06-29,10,4387000,203040400,25820350,7.86,2.14,True,False,False,30157001.25,1450.0
2325,2022-06-29 11:33:00+05:30,10.9,11.55,10.85,11.05,337000,2878950,60.75,47.36842105263167,NIFTY22JUN16050CE,CE,16050.0,2022-06-30,50,NIFTY,220252.5,9.68,2864925.0,1.53,False,False,True,True,True,False,False,True,True,0.0,2853050.0,2022-06-29,11,3707000,206747400,26157350,7.9,3.1,True,True,False,32244239.999999996,0.0
2326,2022-06-29 11:35:00+05:30,11.05,11.3,10.15,10.25,217350,2834950,53.11,11.428571428571445,NIFTY22JUN16050CE,CE,16050.0,2022-06-30,50,NIFTY,218877.5,9.701,2866702.5,0.99,True,True,False,True,True,False,False,False,False,-44000.0,2809050.0,2022-06-29,10,2173500,208920900,26374700,7.92,2.08,True,False,False,30404838.750000004,44000.0
2327,2022-06-29 11:37:00+05:30,10.25,10.35,9.75,10.05,188150,2834950,51.37,11.428571428571445,NIFTY22JUN16050CE,CE,16050.0,2022-06-30,50,NIFTY,219097.5,9.736,2868480.0,0.86,True,False,True,True,True,False,False,False,False,0.0,2809050.0,2022-06-29,10,1881500,210802400,26562850,7.94,2.06,True,False,False,28491247.500000004,0.0
2328,2022-06-29 11:39:00+05:30,10.05,10.05,8.7,9.0,412200,2816150,43.34,-29.999999999999982,NIFTY22JUN16050CE,CE,16050.0,2022-06-30,50,NIFTY,226580.0,9.742,2868605.0,1.82,True,True,True,False,True,False,False,False,False,-18800.0,2790250.0,2022-06-29,9,3709800,214512200,26975050,7.95,1.05,True,False,False,26401406.25,18800.0
2329,2022-06-29 11:41:00+05:30,9.15,9.65,9.05,9.55,221350,2866550,47.93,-4.878048780487785,NIFTY22JUN16050CE,CE,16050.0,2022-06-30,50,NIFTY,225102.5,9.75,2870335.0,0.98,True,False,False,False,True,False,False,True,True,50400.0,2840650.0,2022-06-29,9,1992150,216504350,27196400,7.96,1.04,True,False,False,26802242.500000004,50400.0
2330,2022-06-29 11:43:00+05:30,9.55,10.1,9.4,9.65,153900,2866550,48.74,-11.688311688311666,NIFTY22JUN16050CE,CE,16050.0,2022-06-30,50,NIFTY,217880.0,9.762,2872065.0,0.71,True,False,False,False,True,False,False,True,True,0.0,2840650.0,2022-06-29,9,1385100,217889450,27350300,7.97,1.03,True,False,False,27948862.5,0.0
2331,2022-06-29 11:45:00+05:30,9.7,10.5,9.6,10.1,234050,2878600,52.35,2.3809523809523716,NIFTY22JUN16050CE,CE,16050.0,2022-06-30,50,NIFTY,221452.5,9.795,2873557.5,1.06,False,False,True,True,True,False,False,True,True,12050.0,2852700.0,2022-06-29,10,2340500,220229950,27584350,7.98,2.02,True,True,False,28929930.000000004,12050.0
2332,2022-06-29 11:47:00+05:30,10.2,10.35,9.7,9.75,107300,2902300,49.43,-28.000000000000018,NIFTY22JUN16050CE,CE,16050.0,2022-06-30,50,NIFTY,220065.0,9.817,2875055.0,0.49,False,False,False,False,True,False,False,False,False,23700.0,2876400.0,2022-06-29,9,965700,221195650,27691650,7.99,1.01,True,False,False,29095557.499999996,23700.0
2333,2022-06-29 11:49:00+05:30,9.75,10.0,9.5,9.7,104900,2902300,49.02,-38.02816901408454,NIFTY22JUN16050CE,CE,16050.0,2022-06-30,50,NIFTY,217230.0,9.848,2876552.5,0.48,False,False,False,False,True,False,False,False,False,0.0,2876400.0,2022-06-29,9,944100,222139750,27796550,7.99,1.01,True,False,False,28297425.0,0.0
2334,2022-06-29 11:51:00+05:30,9.75,10.3,9.25,9.35,237450,2896650,46.07,-29.032258064516142,NIFTY22JUN16050CE,CE,16050.0,2022-06-30,50,NIFTY,221625.0,9.863999999999999,2877272.5,1.07,False,True,True,False,True,False,False,False,False,-5650.0,2870750.0,2022-06-29,9,2137050,224276800,28034000,8.0,1.0,True,False,False,28314753.75,5650.0
2335,2022-06-29 11:53:00+05:30,9.35,10.75,9.3,10.4,252000,2917900,54.84,8.860759493670875,NIFTY22JUN16050CE,CE,16050.0,2022-06-30,50,NIFTY,226952.5,9.893,2878700.0,1.11,False,False,True,True,True,False,False,True,True,21250.0,2892000.0,2022-06-29,10,2520000,226796800,28286000,8.02,1.98,True,True,False,29251947.5,21250.0
2336,2022-06-29 11:55:00+05:30,10.45,10.65,10.0,10.35,129800,2917900,54.39,45.762711864406754,NIFTY22JUN16050CE,CE,16050.0,2022-06-30,50,NIFTY,226675.0,9.914,2880127.5,0.57,False,False,False,True,True,False,False,False,False,0.0,2892000.0,2022-06-29,10,1298000,228094800,28415800,8.03,1.97,True,False,False,30127317.499999996,0.0
2337,2022-06-29 11:57:00+05:30,10.3,10.3,9.85,10.1,102500,2909050,52.07,20.75471698113203,NIFTY22JUN16050CE,CE,16050.0,2022-06-30,50,NIFTY,222390.0,9.895,2881777.5,0.46,False,True,False,True,True,False,False,False,False,-8850.0,2883150.0,2022-06-29,10,1025000,229119800,28518300,8.03,1.97,True,False,False,29308678.749999996,8850.0
2338,2022-06-29 11:59:00+05:30,10.2,13.5,10.05,13.15,1155150,2906000,69.29,62.499999999999986,NIFTY22JUN16050CE,CE,16050.0,2022-06-30,50,NIFTY,271610.0,9.915,2883027.5,4.25,False,True,True,True,True,False,True,True,True,-3050.0,2880100.0,2022-06-29,12,13861800,242981600,29673450,8.19,3.81,True,True,False,34218150.0,3050.0
2339,2022-06-29 12:01:00+05:30,13.05,14.1,12.0,12.5,678750,2906000,64.01,41.37931034482757,NIFTY22JUN16050CE,CE,16050.0,2022-06-30,50,NIFTY,299267.5,9.921999999999999,2884277.5,2.27,False,False,True,True,True,False,False,False,False,0.0,2880100.0,2022-06-29,12,8145000,251126600,30352200,8.27,3.73,True,False,False,37923300.0,0.0
2340,2022-06-29 12:03:00+05:30,12.6,13.55,12.45,13.2,497850,2651750,66.93,56.09756097560973,NIFTY22JUN16050CE,CE,16050.0,2022-06-30,50,NIFTY,311125.0,9.956,2872870.0,1.6,True,True,True,True,True,False,True,True,True,-254250.0,2625850.0,2022-06-29,13,6472050,257598650,30850050,8.35,4.65,True,True,False,34472750.0,254250.0
2341,2022-06-29 12:05:00+05:30,13.2,14.1,12.1,12.4,546500,2641950,60.85,39.13043478260871,NIFTY22JUN16050CE,CE,16050.0,2022-06-30,50,NIFTY,324580.0,9.993,2859680.0,1.68,True,True,True,True,True,False,False,False,False,-9800.0,2616050.0,2022-06-29,12,6558000,264156650,31396550,8.41,3.59,True,False,False,34609545.0,9800.0
2342,2022-06-29 12:07:00+05:30,12.4,13.0,11.95,12.15,283950,2641950,59.05,41.1764705882353,NIFTY22JUN16050CE,CE,16050.0,2022-06-30,50,NIFTY,330632.5,10.03,2846490.0,0.86,True,False,True,True,True,False,False,False,False,0.0,2616050.0,2022-06-29,12,3407400,267564050,31680500,8.45,3.55,True,False,False,32958326.25,0.0
2343,2022-06-29 12:09:00+05:30,12.25,12.45,11.5,11.55,254500,2720450,54.84,18.110236220472448,NIFTY22JUN16050CE,CE,16050.0,2022-06-30,50,NIFTY,327667.5,10.043,2838492.5,0.78,True,False,False,True,True,False,False,False,False,78500.0,2694550.0,2022-06-29,11,2799500,270363550,31935000,8.47,2.53,True,False,False,32577388.75,78500.0
2344,2022-06-29 12:11:00+05:30,11.6,12.15,10.9,12.15,220750,2705250,58.06,26.086956521739147,NIFTY22JUN16050CE,CE,16050.0,2022-06-30,50,NIFTY,316770.0,10.07,2829807.5,0.7,True,True,False,True,True,False,False,True,True,-15200.0,2679350.0,2022-06-29,11,2428250,272791800,32155750,8.48,2.52,True,False,False,31178006.25,15200.0
2345,2022-06-29 12:13:00+05:30,12.15,12.5,11.25,11.85,190650,2705250,55.91,25.179856115107917,NIFTY22JUN16050CE,CE,16050.0,2022-06-30,50,NIFTY,309452.5,10.074,2821122.5,0.62,True,False,False,True,True,False,False,False,False,0.0,2679350.0,2022-06-29,11,2097150,274888950,32346400,8.5,2.5,True,False,False,32124843.75,0.0
2346,2022-06-29 12:15:00+05:30,11.85,12.45,11.65,12.0,181050,2704550,56.77,-28.395061728395078,NIFTY22JUN16050CE,CE,16050.0,2022-06-30,50,NIFTY,307637.5,10.099,2814602.5,0.59,True,True,False,True,True,False,False,True,True,-700.0,2678650.0,2022-06-29,12,2172600,277061550,32527450,8.52,3.48,True,True,False,32589827.500000004,700.0
2347,2022-06-29 12:17:00+05:30,11.95,12.3,11.6,11.8,140950,2682600,55.23,-19.444444444444436,NIFTY22JUN16050CE,CE,16050.0,2022-06-30,50,NIFTY,305277.5,10.125,2806985.0,0.46,True,True,False,True,True,False,False,False,False,-21950.0,2656700.0,2022-06-29,11,1550450,278612000,32668400,8.53,2.47,True,False,False,32057069.999999996,21950.0
2348,2022-06-29 12:19:00+05:30,11.8,11.8,9.75,9.8,254500,2682600,42.7,-69.3877551020408,NIFTY22JUN16050CE,CE,16050.0,2022-06-30,50,NIFTY,297392.5,10.136000000000001,2800307.5,0.86,True,False,False,False,True,False,False,False,False,0.0,2656700.0,2022-06-29,10,2545000,281157000,32922900,8.54,1.46,True,False,False,28905015.0,0.0
2349,2022-06-29 12:21:00+05:30,9.85,10.3,9.1,9.15,428250,2651000,39.56,-68.42105263157895,NIFTY22JUN16050CE,CE,16050.0,2022-06-30,50,NIFTY,307737.5,10.127,2789530.0,1.39,True,True,True,False,True,False,False,False,False,-31600.0,2625100.0,2022-06-29,9,3854250,285011250,33351150,8.55,0.45,True,False,False,25714699.999999996,31600.0
2350,2022-06-29 12:23:00+05:30,9.2,10.3,9.1,10.0,255450,2599450,45.23,-40.186915887850475,NIFTY22JUN16050CE,CE,16050.0,2022-06-30,50,NIFTY,312815.0,10.14,2776175.0,0.82,True,True,True,False,True,False,False,True,True,-51550.0,2573550.0,2022-06-29,9,2299050,287310300,33606600,8.55,0.45,True,False,False,25214665.0,51550.0
2351,2022-06-29 12:25:00+05:30,10.05,10.6,9.8,10.05,150150,2599450,45.56,-31.249999999999993,NIFTY22JUN16050CE,CE,16050.0,2022-06-30,50,NIFTY,308620.0,10.161,2762217.5,0.49,True,False,False,False,True,False,False,True,False,0.0,2573550.0,2022-06-29,10,1501500,288811800,33756750,8.56,1.44,True,True,False,26514390.0,0.0
2352,2022-06-29 12:27:00+05:30,10.0,10.5,9.85,10.05,99950,2599950,45.56,-49.99999999999998,NIFTY22JUN16050CE,CE,16050.0,2022-06-30,50,NIFTY,308252.5,10.168000000000001,2747100.0,0.32,True,False,False,False,True,False,False,False,True,500.0,2574050.0,2022-06-29,10,999500,289811300,33856700,8.56,1.44,True,False,False,26454491.25,500.0
2353,2022-06-29 12:29:00+05:30,10.15,10.2,9.05,9.05,337100,2628450,40.07,-57.14285714285712,NIFTY22JUN16050CE,CE,16050.0,2022-06-30,50,NIFTY,319862.5,10.159,2733407.5,1.05,True,False,True,False,True,False,False,False,False,28500.0,2602550.0,2022-06-29,9,3033900,292845200,34193800,8.56,0.44,True,False,False,25298831.25,28500.0
2354,2022-06-29 12:31:00+05:30,9.1,9.7,8.9,9.45,230400,2628450,43.03,-49.514563106796146,NIFTY22JUN16050CE,CE,16050.0,2022-06-30,50,NIFTY,319510.0,10.166,2719997.5,0.72,True,False,False,False,True,False,False,True,True,0.0,2602550.0,2022-06-29,9,2073600,294918800,34424200,8.57,0.43,True,False,False,24444585.000000004,0.0
2355,2022-06-29 12:33:00+05:30,9.5,10.5,9.5,10.3,219150,2633800,48.81,-25.86206896551724,NIFTY22JUN16050CE,CE,16050.0,2022-06-30,50,NIFTY,317867.5,10.191,2705792.5,0.69,True,False,False,True,True,False,False,True,True,5350.0,2607900.0,2022-06-29,10,2191500,297110300,34643350,8.58,1.42,True,True,False,26338000.0,5350.0
2356,2022-06-29 12:35:00+05:30,10.45,12.4,10.45,12.0,522250,2624650,57.99,39.999999999999986,NIFTY22JUN16050CE,CE,16050.0,2022-06-30,50,NIFTY,337490.0,10.254000000000001,2691130.0,1.55,True,True,True,True,True,False,False,True,True,-9150.0,2598750.0,2022-06-29,11,5744750,302855050,35165600,8.61,2.39,True,True,False,29986626.250000004,9150.0
2357,2022-06-29 12:37:00+05:30,11.95,12.05,10.75,10.8,179100,2624650,51.03,27.27272727272728,NIFTY22JUN16050CE,CE,16050.0,2022-06-30,50,NIFTY,341320.0,10.3,2676910.0,0.52,True,False,True,True,True,False,False,False,False,0.0,2598750.0,2022-06-29,11,1970100,304825150,35344700,8.62,2.38,True,False,False,29921010.0,0.0
2358,2022-06-29 12:39:00+05:30,10.9,11.75,10.65,11.6,135050,2645050,54.92,26.666666666666668,NIFTY22JUN16050CE,CE,16050.0,2022-06-30,50,NIFTY,290315.0,10.372,2663862.5,0.47,True,False,False,True,True,False,False,True,True,20400.0,2619150.0,2022-06-29,11,1485550,306310700,35479750,8.63,2.37,True,False,False,29624559.999999996,20400.0
2359,2022-06-29 12:41:00+05:30,11.6,11.95,11.0,11.1,182300,2642750,52.13,16.27906976744185,NIFTY22JUN16050CE,CE,16050.0,2022-06-30,50,NIFTY,265492.5,10.422,2650700.0,0.69,True,True,False,True,True,False,False,False,False,-2300.0,2616850.0,2022-06-29,11,2005300,308316000,35662050,8.65,2.35,True,False,False,30325556.25,2300.0
2360,2022-06-29 12:43:00+05:30,11.1,11.4,10.2,10.55,194350,2642750,49.18,7.142857142857147,NIFTY22JUN16050CE,CE,16050.0,2022-06-30,50,NIFTY,250317.5,10.449000000000002,2650250.0,0.78,True,False,False,True,True,False,False,False,False,0.0,2616850.0,2022-06-29,10,1943500,310259500,35856400,8.65,1.35,True,False,False,28541700.000000004,0.0
2361,2022-06-29 12:45:00+05:30,10.75,12.25,10.55,11.8,192500,2714200,55.37,37.93103448275864,NIFTY22JUN16050CE,CE,16050.0,2022-06-30,50,NIFTY,232617.5,10.494000000000002,2653862.5,0.83,False,False,False,True,True,False,False,True,True,71450.0,2688300.0,2022-06-29,11,2117500,312377000,36048900,8.67,2.33,True,True,False,30941880.0,71450.0
2362,2022-06-29 12:47:00+05:30,11.85,12.3,11.45,12.2,188050,2737250,57.17,37.93103448275864,NIFTY22JUN16050CE,CE,16050.0,2022-06-30,50,NIFTY,227822.5,10.547,2658627.5,0.83,False,False,False,True,True,False,False,True,True,23050.0,2711350.0,2022-06-29,11,2068550,314445550,36236950,8.68,2.32,True,False,False,32504843.75,23050.0
2363,2022-06-29 12:49:00+05:30,12.2,12.5,11.65,11.8,238550,2737250,54.79,22.058823529411786,NIFTY22JUN16050CE,CE,16050.0,2022-06-30,50,NIFTY,227025.0,10.59,2659467.5,1.05,False,False,False,True,True,False,False,False,False,0.0,2711350.0,2022-06-29,11,2624050,317069600,36475500,8.69,2.31,True,False,False,33052293.749999996,0.0
2364,2022-06-29 12:51:00+05:30,11.7,11.95,10.9,11.45,152050,2736700,52.72,-10.091743119266077,NIFTY22JUN16050CE,CE,16050.0,2022-06-30,50,NIFTY,223590.0,10.646,2661040.0,0.68,False,True,False,True,True,False,False,False,False,-550.0,2710800.0,2022-06-29,11,1672550,318742150,36627550,8.7,2.3,True,False,False,31266797.500000004,550.0
2365,2022-06-29 12:53:00+05:30,11.5,12.7,11.1,12.6,204200,2723400,58.29,33.33333333333333,NIFTY22JUN16050CE,CE,16050.0,2022-06-30,50,NIFTY,224267.5,10.713999999999999,2661947.5,0.91,False,True,True,True,True,False,False,True,True,-13300.0,2697500.0,2022-06-29,12,2450400,321192550,36831750,8.72,3.28,True,True,False,32408459.999999996,13300.0
2366,2022-06-29 12:55:00+05:30,12.55,13.45,10.95,11.75,534600,2723400,53.3,2.7522935779816593,NIFTY22JUN16050CE,CE,16050.0,2022-06-30,50,NIFTY,241945.0,10.751999999999999,2662890.0,2.21,False,False,True,True,True,False,False,False,False,0.0,2697500.0,2022-06-29,12,6415200,327607750,37366350,8.77,3.23,True,False,False,33225479.999999996,0.0
2367,2022-06-29 12:57:00+05:30,11.9,13.95,11.55,13.15,345150,2653550,59.45,32.283464566929155,NIFTY22JUN16050CE,CE,16050.0,2022-06-30,50,NIFTY,252155.0,10.821000000000002,2661437.5,1.37,True,True,True,True,True,False,False,True,True,-69850.0,2627650.0,2022-06-29,12,4141800,331749550,37711500,8.8,3.2,True,False,False,33832762.5,69850.0
2368,2022-06-29 12:59:00+05:30,13.1,14.0,11.3,11.7,470600,2626600,51.83,15.862068965517222,NIFTY22JUN16050CE,CE,16050.0,2022-06-30,50,NIFTY,262960.0,10.857999999999999,2658637.5,1.79,True,True,True,True,True,False,False,False,False,-26950.0,2600700.0,2022-06-29,12,5647200,337396750,38182100,8.84,3.16,True,False,False,33226490.0,26950.0
2369,2022-06-29 13:01:00+05:30,11.65,12.45,11.15,11.75,254350,2626600,52.06,-0.8264462809917472,NIFTY22JUN16050CE,CE,16050.0,2022-06-30,50,NIFTY,254265.0,10.9,2657417.5,1.0,True,False,False,True,True,False,False,True,True,0.0,2600700.0,2022-06-29,11,2797850,340194600,38436450,8.85,2.15,True,False,False,30993880.000000004,0.0
2370,2022-06-29 13:03:00+05:30,11.75,12.15,11.4,11.85,114200,2621100,52.54,-6.086956521739122,NIFTY22JUN16050CE,CE,16050.0,2022-06-30,50,NIFTY,247202.5,10.933,2658500.0,0.46,True,True,False,True,True,False,False,True,True,-5500.0,2595200.0,2022-06-29,11,1256200,341450800,38550650,8.86,2.14,True,False,False,30863452.5,5500.0
2371,2022-06-29 13:05:00+05:30,11.9,12.95,11.8,12.7,260800,2624650,56.56,14.516129032258036,NIFTY22JUN16050CE,CE,16050.0,2022-06-30,50,NIFTY,252735.0,10.992,2659760.0,1.03,True,False,True,True,True,False,False,True,True,3550.0,2598750.0,2022-06-29,12,3129600,344580400,38811450,8.88,3.12,True,True,False,32480043.75,3550.0
2372,2022-06-29 13:07:00+05:30,12.8,13.7,12.15,12.85,312000,2624650,57.25,23.333333333333332,NIFTY22JUN16050CE,CE,16050.0,2022-06-30,50,NIFTY,263337.5,11.046999999999999,2660995.0,1.18,True,False,True,True,True,False,False,True,True,0.0,2598750.0,2022-06-29,12,3744000,348324400,39123450,8.9,3.1,True,False,False,33923601.25,0.0
2373,2022-06-29 13:09:00+05:30,12.8,14.6,12.15,14.15,366250,2623950,62.75,25.20325203252033,NIFTY22JUN16050CE,CE,16050.0,2022-06-30,50,NIFTY,264795.0,11.13,2660770.0,1.38,True,True,True,True,True,False,False,True,True,-700.0,2598050.0,2022-06-29,13,4761250,353085650,39489700,8.94,4.06,True,True,False,35095331.25,700.0
2374,2022-06-29 13:11:00+05:30,14.3,14.3,13.25,13.45,372850,2613800,58.39,28.333333333333304,NIFTY22JUN16050CE,CE,16050.0,2022-06-30,50,NIFTY,271917.5,11.183,2660037.5,1.37,True,True,True,True,True,False,False,False,False,-10150.0,2587900.0,2022-06-29,13,4847050,357932700,39862550,8.98,4.02,True,False,False,36005095.0,10150.0
2375,2022-06-29 13:13:00+05:30,13.35,14.1,13.25,13.75,256700,2613800,59.69,12.244897959183657,NIFTY22JUN16050CE,CE,16050.0,2022-06-30,50,NIFTY,273795.0,11.237,2659037.5,0.94,True,False,True,True,True,False,False,True,True,0.0,2587900.0,2022-06-29,13,3337100,361269800,40119250,9.0,4.0,True,False,False,35743715.0,0.0
2376,2022-06-29 13:15:00+05:30,13.9,14.15,12.95,13.35,352000,2612200,57.14,42.85714285714283,NIFTY22JUN16050CE,CE,16050.0,2022-06-30,50,NIFTY,265282.5,11.299000000000001,2658415.0,1.33,True,True,False,True,True,False,False,False,False,-1600.0,2586300.0,2022-06-29,13,4576000,365845800,40471250,9.04,3.96,True,False,False,35395310.0,1600.0
2377,2022-06-29 13:17:00+05:30,13.25,14.0,12.8,13.25,154400,2599100,56.49,38.46153846153844,NIFTY22JUN16050CE,CE,16050.0,2022-06-30,50,NIFTY,264047.5,11.363,2657137.5,0.58,True,True,False,True,True,False,False,False,False,-13100.0,2573200.0,2022-06-29,13,2007200,367853000,40625650,9.05,3.95,True,False,False,34827940.0,13100.0
2378,2022-06-29 13:19:00+05:30,13.3,13.8,12.2,13.35,339600,2599100,57.01,38.46153846153844,NIFTY22JUN16050CE,CE,16050.0,2022-06-30,50,NIFTY,274275.0,11.45,2654840.0,1.24,True,False,True,True,True,False,False,True,True,0.0,2573200.0,2022-06-29,13,4414800,372267800,40965250,9.09,3.91,True,False,False,33788300.0,0.0
2379,2022-06-29 13:21:00+05:30,13.1,13.7,13.0,13.0,151450,2657700,54.53,8.823529411764722,NIFTY22JUN16050CE,CE,16050.0,2022-06-30,50,NIFTY,272732.5,11.519,2655587.5,0.56,False,False,False,True,True,False,False,False,False,58600.0,2631800.0,2022-06-29,13,1968850,374236650,41116700,9.1,3.9,True,False,False,35480295.0,58600.0
2380,2022-06-29 13:23:00+05:30,13.0,14.15,12.6,13.75,269850,2678300,58.69,22.499999999999996,NIFTY22JUN16050CE,CE,16050.0,2022-06-30,50,NIFTY,276507.5,11.601,2657365.0,0.98,False,False,True,True,True,False,False,True,True,20600.0,2652400.0,2022-06-29,13,3508050,377744700,41386550,9.13,3.87,True,False,False,35822262.5,20600.0
2381,2022-06-29 13:25:00+05:30,13.7,14.2,12.9,13.6,346850,2678300,57.55,-19.298245614035103,NIFTY22JUN16050CE,CE,16050.0,2022-06-30,50,NIFTY,284225.0,11.671000000000001,2655570.0,1.22,False,False,True,True,True,False,False,False,False,0.0,2652400.0,2022-06-29,13,4509050,382253750,41733400,9.16,3.84,True,False,False,36290965.0,0.0
2382,2022-06-29 13:27:00+05:30,13.5,13.85,13.0,13.15,139900,2614850,54.17,-11.5384615384615,NIFTY22JUN16050CE,CE,16050.0,2022-06-30,50,NIFTY,281817.5,11.739,2649450.0,0.5,True,True,False,True,True,False,False,False,False,-63450.0,2588950.0,2022-06-29,13,1818700,384072450,41873300,9.17,3.83,True,False,False,35104361.25,63450.0
2383,2022-06-29 13:29:00+05:30,13.0,13.15,11.45,11.7,440000,2639100,45.0,-54.666666666666686,NIFTY22JUN16050CE,CE,16050.0,2022-06-30,50,NIFTY,291890.0,11.778999999999998,2644542.5,1.51,True,False,True,False,True,False,False,False,False,24250.0,2613200.0,2022-06-29,12,5280000,389352450,42313300,9.2,2.8,True,False,False,32460930.000000004,24250.0
2384,2022-06-29 13:31:00+05:30,11.55,12.85,11.45,12.75,251250,2639100,51.42,-13.636363636363628,NIFTY22JUN16050CE,CE,16050.0,2022-06-30,50,NIFTY,296850.0,11.846999999999998,2639662.5,0.85,True,False,True,True,True,False,False,True,True,0.0,2613200.0,2022-06-29,12,3015000,392367450,42564550,9.22,2.78,True,False,False,32065064.999999996,0.0
2385,2022-06-29 13:33:00+05:30,12.75,14.9,12.6,14.05,526350,2643550,57.95,14.285714285714295,NIFTY22JUN16050CE,CE,16050.0,2022-06-30,50,NIFTY,312957.5,11.92,2635670.0,1.68,False,False,True,True,True,False,False,True,True,4450.0,2617650.0,2022-06-29,13,6842550,399210000,43090900,9.26,3.74,True,True,False,36348812.5,4450.0
2386,2022-06-29 13:35:00+05:30,14.15,16.15,13.6,15.25,1050750,2589150,62.91,28.35820895522388,NIFTY22JUN16050CE,CE,16050.0,2022-06-30,50,NIFTY,338765.0,12.017999999999999,2628957.5,3.1,True,True,True,True,True,False,False,True,True,-54400.0,2563250.0,2022-06-29,15,15761250,414971250,44141650,9.4,5.6,True,True,False,38513606.25,54400.0
2387,2022-06-29 13:37:00+05:30,15.5,17.25,15.2,15.6,542900,2589150,64.24,38.805970149253724,NIFTY22JUN16050CE,CE,16050.0,2022-06-30,50,NIFTY,348652.5,12.128000000000002,2625737.5,1.56,True,False,True,True,True,False,False,True,True,0.0,2563250.0,2022-06-29,16,8686400,423657650,44684550,9.48,6.52,True,True,False,42008958.75,0.0
2388,2022-06-29 13:39:00+05:30,15.6,16.7,15.05,16.2,292800,2500100,66.45,37.40458015267174,NIFTY22JUN16050CE,CE,16050.0,2022-06-30,50,NIFTY,339762.5,12.188999999999998,2619412.5,0.86,True,True,False,True,True,False,False,True,True,-89050.0,2474200.0,2022-06-29,15,4392000,428049650,44977350,9.52,5.48,True,False,False,39689087.5,89050.0
2389,2022-06-29 13:41:00+05:30,16.3,17.75,15.65,16.0,383400,2504800,65.01,36.36363636363637,NIFTY22JUN16050CE,CE,16050.0,2022-06-30,50,NIFTY,346215.0,12.258999999999999,2613322.5,1.11,True,False,True,True,True,False,False,False,False,4700.0,2478900.0,2022-06-29,16,6134400,434184050,45360750,9.57,6.43,True,True,False,41830160.0,4700.0
2390,2022-06-29 13:43:00+05:30,16.0,16.5,14.4,14.55,272300,2504800,55.58,18.421052631578952,NIFTY22JUN16050CE,CE,16050.0,2022-06-30,50,NIFTY,354120.0,12.286000000000001,2607507.5,0.77,True,False,True,True,True,False,False,False,False,0.0,2478900.0,2022-06-29,15,4084500,438268550,45633050,9.6,5.4,True,False,False,38699160.0,0.0
2391,2022-06-29 13:45:00+05:30,14.55,14.7,12.7,13.4,459700,2515350,49.45,23.28767123287673,NIFTY22JUN16050CE,CE,16050.0,2022-06-30,50,NIFTY,364065.0,12.306000000000001,2602042.5,1.26,True,False,True,True,True,False,False,False,False,10550.0,2489450.0,2022-06-29,13,5976100,444244650,46092750,9.64,3.36,True,False,False,34460295.0,10550.0
2392,2022-06-29 13:47:00+05:30,13.45,13.85,12.0,13.15,563450,2599450,48.21,6.153846153846161,NIFTY22JUN16050CE,CE,16050.0,2022-06-30,50,NIFTY,376637.5,12.325999999999999,2600782.5,1.5,True,False,True,True,True,False,False,False,False,84100.0,2573550.0,2022-06-29,13,7324850,451569500,46656200,9.68,3.32,True,False,False,33597891.25,84100.0
2393,2022-06-29 13:49:00+05:30,13.25,14.1,13.15,13.6,210900,2599450,50.61,-7.964601769911528,NIFTY22JUN16050CE,CE,16050.0,2022-06-30,50,NIFTY,368870.0,12.367,2599557.5,0.57,True,False,False,True,True,False,False,True,True,0.0,2573550.0,2022-06-29,13,2741700,454311200,46867100,9.69,3.31,True,False,False,35417506.25,0.0
2394,2022-06-29 13:51:00+05:30,13.6,13.9,12.65,13.55,141400,2597550,50.33,-37.77777777777779,NIFTY22JUN16050CE,CE,16050.0,2022-06-30,50,NIFTY,357297.5,12.395,2598745.0,0.4,True,True,False,True,True,False,False,False,False,-1900.0,2571650.0,2022-06-29,13,1838200,456149400,47008500,9.7,3.3,True,False,False,34482476.25,1900.0
2395,2022-06-29 13:53:00+05:30,13.55,13.6,12.85,12.9,158150,2617400,46.72,-56.25000000000002,NIFTY22JUN16050CE,CE,16050.0,2022-06-30,50,NIFTY,352370.0,12.415999999999999,2598925.0,0.45,False,False,False,True,True,False,False,False,False,19850.0,2591500.0,2022-06-29,13,2055950,458205350,47166650,9.71,3.29,True,False,False,34615115.0,19850.0
2396,2022-06-29 13:55:00+05:30,12.95,15.2,12.6,14.85,271500,2617400,56.76,-21.951219512195127,NIFTY22JUN16050CE,CE,16050.0,2022-06-30,50,NIFTY,348345.0,12.472999999999999,2599185.0,0.78,False,False,False,True,True,False,False,True,True,0.0,2591500.0,2022-06-29,14,3801000,462006350,47438150,9.74,4.26,True,True,False,36381860.0,0.0
2397,2022-06-29 13:57:00+05:30,14.8,14.95,13.85,14.2,147950,2619600,53.16,-27.272727272727295,NIFTY22JUN16050CE,CE,16050.0,2022-06-30,50,NIFTY,348022.5,12.521,2600210.0,0.43,False,False,False,True,True,False,False,False,False,2200.0,2593700.0,2022-06-29,14,2071300,464077650,47586100,9.75,4.25,True,False,False,37722240.0,2200.0
2398,2022-06-29 13:59:00+05:30,14.15,15.0,13.5,14.9,134650,2620800,56.37,5.982905982905977,NIFTY22JUN16050CE,CE,16050.0,2022-06-30,50,NIFTY,337775.0,12.623,2601295.0,0.4,False,False,False,True,True,False,False,True,True,1200.0,2594900.0,2022-06-29,14,1885100,465962750,47720750,9.76,4.24,True,False,False,37346400.0,1200.0
2399,2022-06-29 14:01:00+05:30,15.05,16.15,14.7,15.65,422650,2620800,59.56,41.28440366972478,NIFTY22JUN16050CE,CE,16050.0,2022-06-30,50,NIFTY,351335.0,12.753,2599450.0,1.2,False,False,True,True,True,False,False,True,True,0.0,2594900.0,2022-06-29,15,6339750,472302500,48143400,9.81,5.19,True,True,False,40425840.0,0.0
2400,2022-06-29 14:03:00+05:30,15.6,15.65,14.6,14.9,212650,2604400,55.21,29.411764705882355,NIFTY22JUN16050CE,CE,16050.0,2022-06-30,50,NIFTY,348475.0,12.850999999999999,2595755.0,0.61,False,True,False,True,True,False,False,False,False,-16400.0,2578500.0,2022-06-29,15,3189750,475492250,48356050,9.83,5.17,True,False,False,39391550.0,16400.0
2401,2022-06-29 14:05:00+05:30,15.0,15.15,13.85,13.9,185850,2622750,49.97,4.615384615384626,NIFTY22JUN16050CE,CE,16050.0,2022-06-30,50,NIFTY,340425.0,12.928000000000003,2592977.5,0.55,False,False,False,True,True,False,False,False,False,18350.0,2596850.0,2022-06-29,14,2601900,478094150,48541900,9.85,4.15,True,False,False,38029875.0,18350.0
2402,2022-06-29 14:07:00+05:30,14.15,17.25,13.9,16.6,627150,2622750,60.79,33.33333333333333,NIFTY22JUN16050CE,CE,16050.0,2022-06-30,50,NIFTY,364787.5,13.059000000000001,2593372.5,1.72,False,False,True,True,True,False,False,True,True,0.0,2596850.0,2022-06-29,15,9407250,487501400,49169050,9.91,5.09,True,True,False,40849331.25,0.0
2403,2022-06-29 14:09:00+05:30,16.55,17.5,15.05,16.1,651750,2408350,58.28,35.555555555555564,NIFTY22JUN16050CE,CE,16050.0,2022-06-30,50,NIFTY,375375.0,13.2,2581835.0,1.74,True,True,True,True,True,False,False,False,False,-214400.0,2382450.0,2022-06-29,16,10428000,497929400,49820800,9.99,6.01,True,True,False,39195896.25,214400.0
2404,2022-06-29 14:11:00+05:30,16.05,16.95,15.4,15.5,233000,2407850,55.32,8.49673202614379,NIFTY22JUN16050CE,CE,16050.0,2022-06-30,50,NIFTY,374462.5,13.321,2570272.5,0.62,True,True,False,True,True,False,False,False,False,-500.0,2381950.0,2022-06-29,15,3495000,501424400,50053800,10.02,4.98,True,False,False,38946973.75,500.0
2405,2022-06-29 14:13:00+05:30,15.35,16.5,15.25,16.35,238950,2407850,58.53,27.388535031847145,NIFTY22JUN16050CE,CE,16050.0,2022-06-30,50,NIFTY,360092.5,13.442,2558487.5,0.66,True,False,False,True,True,False,False,True,True,0.0,2381950.0,2022-06-29,16,3823200,505247600,50292750,10.05,5.95,True,True,False,38224618.75,0.0
2406,2022-06-29 14:15:00+05:30,16.35,17.65,15.35,15.75,525650,2382300,55.5,10.96774193548386,NIFTY22JUN16050CE,CE,16050.0,2022-06-30,50,NIFTY,333837.5,13.517000000000001,2548145.0,1.57,True,True,False,True,True,False,False,False,False,-25550.0,2356400.0,2022-06-29,16,8410400,513658000,50818400,10.11,5.89,True,False,False,39307950.0,25550.0
2407,2022-06-29 14:17:00+05:30,15.55,16.45,15.4,15.6,189850,2378250,54.74,-0.6993006993007087,NIFTY22JUN16050CE,CE,16050.0,2022-06-30,50,NIFTY,316185.0,13.613,2537600.0,0.6,True,True,False,True,True,False,False,False,True,-4050.0,2352350.0,2022-06-29,15,2847750,516505750,51008250,10.13,4.87,True,False,False,37873631.25,4050.0
2408,2022-06-29 14:19:00+05:30,15.55,15.75,14.05,14.7,356100,2378250,50.27,-2.7397260273972726,NIFTY22JUN16050CE,CE,16050.0,2022-06-30,50,NIFTY,319350.0,13.675000000000002,2531507.5,1.12,True,False,True,True,True,False,False,False,False,0.0,2352350.0,2022-06-29,14,4985400,521491150,51364350,10.15,3.85,True,False,False,35435925.0,0.0
2409,2022-06-29 14:21:00+05:30,14.7,15.1,13.8,14.65,294800,2374950,50.02,11.811023622047234,NIFTY22JUN16050CE,CE,16050.0,2022-06-30,50,NIFTY,314920.0,13.746000000000002,2525015.0,0.94,True,True,False,True,True,False,False,False,False,-3300.0,2349050.0,2022-06-29,14,4127200,525618350,51659150,10.17,3.83,True,False,False,34318027.5,3300.0
2410,2022-06-29 14:23:00+05:30,14.7,16.15,14.5,14.75,248750,2435900,50.54,-49.33333333333332,NIFTY22JUN16050CE,CE,16050.0,2022-06-30,50,NIFTY,313742.5,13.83,2521570.0,0.79,True,False,False,True,True,False,False,True,True,60950.0,2410000.0,2022-06-29,15,3731250,529349600,51907900,10.2,4.8,True,True,False,37330167.5,60950.0
2411,2022-06-29 14:25:00+05:30,14.9,16.0,14.85,15.55,152000,2435900,54.59,-13.580246913580249,NIFTY22JUN16050CE,CE,16050.0,2022-06-30,50,NIFTY,298357.5,13.905,2517597.5,0.51,True,False,False,True,True,False,False,True,True,0.0,2410000.0,2022-06-29,15,2280000,531629600,52059900,10.21,4.79,True,False,False,37573757.5,0.0
2412,2022-06-29 14:27:00+05:30,15.6,15.95,15.3,15.8,141800,2447950,55.81,8.108108108108121,NIFTY22JUN16050CE,CE,16050.0,2022-06-30,50,NIFTY,277275.0,13.977,2510022.5,0.51,True,False,False,True,True,False,False,True,True,12050.0,2422050.0,2022-06-29,15,2127000,533756600,52201700,10.22,4.78,True,False,False,38249218.75,12050.0
2413,2022-06-29 14:29:00+05:30,15.8,17.1,15.5,15.6,592350,2401250,54.55,-24.59016393442627,NIFTY22JUN16050CE,CE,16050.0,2022-06-30,50,NIFTY,296347.5,14.052999999999999,2500112.5,2.0,True,True,True,True,True,False,False,False,False,-46700.0,2375350.0,2022-06-29,16,9477600,543234200,52794050,10.29,5.71,True,True,False,39140375.0,46700.0
2414,2022-06-29 14:31:00+05:30,15.55,15.6,12.9,13.3,527200,2401250,42.62,-51.578947368421034,NIFTY22JUN16050CE,CE,16050.0,2022-06-30,50,NIFTY,315637.5,14.09,2490297.5,1.67,True,False,True,False,True,False,False,False,False,0.0,2375350.0,2022-06-29,13,6853600,550087800,53321250,10.32,2.68,True,False,False,34217812.5,0.0
2415,2022-06-29 14:33:00+05:30,13.45,13.8,10.8,11.85,817400,2405350,37.11,-61.98347107438016,NIFTY22JUN16050CE,CE,16050.0,2022-06-30,50,NIFTY,348600.0,14.075000000000003,2479695.0,2.34,True,False,True,False,True,False,False,False,False,4100.0,2379450.0,2022-06-29,12,9808800,559896600,54138650,10.34,1.66,True,False,False,29585805.0,4100.0
2416,2022-06-29 14:35:00+05:30,11.7,11.75,9.0,10.5,1044800,2308000,32.86,-64.61538461538461,NIFTY22JUN16050CE,CE,16050.0,2022-06-30,50,NIFTY,387265.0,14.050000000000002,2464225.0,2.7,True,True,True,False,True,False,False,False,False,-97350.0,2282100.0,2022-06-29,10,10448000,570344600,55183450,10.34,-0.34,True,False,False,23945500.0,97350.0
2417,2022-06-29 14:37:00+05:30,10.35,11.05,9.7,10.95,642100,2308000,35.51,-53.623188405797116,NIFTY22JUN16050CE,CE,16050.0,2022-06-30,50,NIFTY,411972.5,14.005999999999998,2448645.0,1.56,True,False,True,False,True,False,False,True,True,0.0,2282100.0,2022-06-29,10,6421000,576765600,55825550,10.33,-0.33,True,True,False,23945500.0,0.0
2418,2022-06-29 14:39:00+05:30,11.05,12.05,10.2,11.95,501600,2308450,41.09,-35.897435897435905,NIFTY22JUN16050CE,CE,16050.0,2022-06-30,50,NIFTY,430320.0,14.011000000000001,2433027.5,1.17,True,False,True,False,True,False,False,True,True,450.0,2282550.0,2022-06-29,11,5517600,582283200,56327150,10.34,0.66,True,True,False,25681506.25,450.0
2419,2022-06-29 14:41:00+05:30,11.8,12.65,11.6,11.85,391200,2343300,40.71,-52.112676056338046,NIFTY22JUN16050CE,CE,16050.0,2022-06-30,50,NIFTY,428747.5,14.013000000000002,2419152.5,0.91,True,False,False,False,True,False,False,False,True,34850.0,2317400.0,2022-06-29,12,4694400,586977600,56718350,10.35,1.65,True,True,False,28412512.5,34850.0
2420,2022-06-29 14:43:00+05:30,11.8,12.2,11.3,12.05,189450,2343300,41.87,-53.191489361702125,NIFTY22JUN16050CE,CE,16050.0,2022-06-30,50,NIFTY,427587.5,14.017000000000001,2406097.5,0.44,True,False,False,False,True,False,False,True,True,0.0,2317400.0,2022-06-29,11,2083950,589061550,56907800,10.35,0.65,True,False,False,27533775.0,0.0
2421,2022-06-29 14:45:00+05:30,11.85,14.05,11.65,13.5,554950,2381150,49.54,-25.301204819277107,NIFTY22JUN16050CE,CE,16050.0,2022-06-30,50,NIFTY,446042.5,14.033,2394017.5,1.24,True,False,True,False,True,False,False,True,True,37850.0,2355250.0,2022-06-29,13,7214350,596275900,57462750,10.38,2.62,True,True,False,30597777.500000004,37850.0
2422,2022-06-29 14:47:00+05:30,13.45,14.55,11.8,11.95,361850,2436000,43.0,-17.880794701986773,NIFTY22JUN16050CE,CE,16050.0,2022-06-30,50,NIFTY,432777.5,14.015000000000002,2384680.0,0.84,False,False,False,False,True,False,False,False,False,54850.0,2410100.0,2022-06-29,12,4342200,600618100,57824600,10.39,1.61,True,False,False,32094300.0,54850.0
2423,2022-06-29 14:49:00+05:30,11.95,12.8,10.9,12.7,318300,2436000,46.67,12.408759124087588,NIFTY22JUN16050CE,CE,16050.0,2022-06-30,50,NIFTY,416105.0,13.985999999999999,2386062.5,0.76,False,False,False,False,True,False,False,True,True,0.0,2410100.0,2022-06-29,12,3819600,604437700,58142900,10.4,1.6,True,False,False,28866600.000000004,0.0
2424,2022-06-29 14:51:00+05:30,12.7,12.7,11.8,12.2,225950,2469300,44.61,28.33333333333332,NIFTY22JUN16050CE,CE,16050.0,2022-06-30,50,NIFTY,415752.5,13.961000000000002,2389135.0,0.54,False,False,False,False,True,False,False,False,False,33300.0,2443400.0,2022-06-29,12,2711400,607149100,58368850,10.4,1.6,True,False,False,30248925.0,33300.0
2425,2022-06-29 14:53:00+05:30,12.15,12.5,11.75,11.8,188650,2490600,42.98,14.285714285714313,NIFTY22JUN16050CE,CE,16050.0,2022-06-30,50,NIFTY,413237.5,13.922,2393272.5,0.46,False,False,False,False,True,False,False,False,False,21300.0,2464700.0,2022-06-29,12,2263800,609412900,58557500,10.41,1.59,True,False,False,30198525.0,21300.0
2426,2022-06-29 14:55:00+05:30,11.85,12.55,10.7,11.45,345300,2490600,41.54,-9.433962264150942,NIFTY22JUN16050CE,CE,16050.0,2022-06-30,50,NIFTY,404220.0,13.884,2398687.5,0.85,False,False,False,False,True,False,False,False,False,0.0,2464700.0,2022-06-29,11,3798300,613211200,58902800,10.41,0.59,True,False,False,28953225.0,0.0
2427,2022-06-29 14:57:00+05:30,11.5,12.05,11.05,11.7,240600,2544400,43.01,-2.7522935779816575,NIFTY22JUN16050CE,CE,16050.0,2022-06-30,50,NIFTY,406757.5,13.853,2406995.0,0.59,False,False,True,False,True,False,False,True,True,53800.0,2518500.0,2022-06-29,11,2646600,615857800,59143400,10.41,0.59,True,False,False,29387820.0,53800.0
2428,2022-06-29 14:59:00+05:30,11.75,12.5,9.9,10.0,547800,2561700,36.34,-29.496402877697854,NIFTY22JUN16050CE,CE,16050.0,2022-06-30,50,NIFTY,416342.5,13.786,2416167.5,1.32,False,False,True,False,True,False,False,False,False,17300.0,2535800.0,2022-06-29,10,5478000,621335800,59691200,10.41,-0.41,False,False,False,28691040.0,17300.0
2429,2022-06-29 15:01:00+05:30,9.95,11.15,9.45,10.15,769350,2561700,37.27,-59.292035398230084,NIFTY22JUN16050CE,CE,16050.0,2022-06-30,50,NIFTY,440070.0,13.729000000000001,2425505.0,1.75,False,False,True,False,True,False,False,True,True,0.0,2535800.0,2022-06-29,10,7693500,629029300,60460550,10.4,-0.4,False,True,False,26385510.0,0.0
2430,2022-06-29 15:03:00+05:30,10.35,10.7,9.4,10.2,529550,2531100,37.59,-42.16867469879519,NIFTY22JUN16050CE,CE,16050.0,2022-06-30,50,NIFTY,454110.0,13.658,2430265.0,1.17,False,True,True,False,True,False,False,True,False,-30600.0,2505200.0,2022-06-29,10,5295500,634324800,60990100,10.4,-0.4,False,False,False,25437555.0,30600.0
2431,2022-06-29 15:05:00+05:30,10.15,10.25,9.25,9.55,505950,2590700,35.05,-77.7777777777778,NIFTY22JUN16050CE,CE,16050.0,2022-06-30,50,NIFTY,471807.5,13.576999999999998,2438005.0,1.07,False,False,True,False,True,False,False,False,False,59600.0,2564800.0,2022-06-29,9,4553550,638878350,61496050,10.39,-1.39,False,False,False,25259325.0,59600.0
2432,2022-06-29 15:07:00+05:30,9.5,9.65,7.8,7.95,670950,2590700,29.72,-82.52427184466022,NIFTY22JUN16050CE,CE,16050.0,2022-06-30,50,NIFTY,498265.0,13.472999999999999,2445142.5,1.35,False,False,True,False,True,False,False,False,False,0.0,2564800.0,2022-06-29,8,5367600,644245950,62167000,10.36,-2.36,False,False,False,22603857.5,0.0
2433,2022-06-29 15:09:00+05:30,7.95,8.65,7.2,8.4,898450,2556550,32.81,-65.3846153846154,NIFTY22JUN16050CE,CE,16050.0,2022-06-30,50,NIFTY,513570.0,13.407,2452907.5,1.75,False,True,True,False,True,False,False,True,True,-34150.0,2530650.0,2022-06-29,8,7187600,651433550,63065450,10.33,-2.33,False,True,False,20260658.75,34150.0
2434,2022-06-29 15:11:00+05:30,8.2,8.4,7.75,7.85,503450,2590900,31.02,-66.66666666666667,NIFTY22JUN16050CE,CE,16050.0,2022-06-30,50,NIFTY,512382.5,13.309000000000001,2462390.0,0.98,False,False,False,False,True,False,False,False,False,34350.0,2565000.0,2022-06-29,8,4027600,655461150,63568900,10.31,-2.31,False,True,False,20921517.5,34350.0
2435,2022-06-29 15:13:00+05:30,7.7,8.4,7.4,7.55,628350,2590900,30.05,-76.1467889908257,NIFTY22JUN16050CE,CE,16050.0,2022-06-30,50,NIFTY,502930.0,13.179,2471667.5,1.25,False,False,False,False,True,False,False,False,False,0.0,2565000.0,2022-06-29,7,4398450,659859600,64197250,10.28,-3.28,False,False,False,20468110.0,0.0
2436,2022-06-29 15:15:00+05:30,7.65,8.15,7.15,7.9,758700,2648750,32.69,-51.21951219512195,NIFTY22JUN16050CE,CE,16050.0,2022-06-30,50,NIFTY,488625.0,13.032,2488705.0,1.55,False,False,False,False,True,False,False,True,True,57850.0,2622850.0,2022-06-29,7,5310900,665170500,64955950,10.24,-3.24,False,True,False,20262937.5,57850.0
2437,2022-06-29 15:17:00+05:30,7.85,8.0,7.4,7.65,521900,2703050,31.77,-59.52380952380953,NIFTY22JUN16050CE,CE,16050.0,2022-06-30,50,NIFTY,482615.0,12.873,2508457.5,1.08,False,False,False,False,True,False,False,False,False,54300.0,2677150.0,2022-06-29,7,3653300,668823800,65477850,10.21,-3.21,False,True,False,20813485.0,54300.0
2438,2022-06-29 15:19:00+05:30,7.55,7.85,7.45,7.75,540150,2703050,32.58,-57.6470588235294,NIFTY22JUN16050CE,CE,16050.0,2022-06-30,50,NIFTY,484542.5,12.704,2528187.5,1.11,False,False,True,False,True,False,False,True,True,0.0,2677150.0,2022-06-29,7,3781050,672604850,66018000,10.19,-3.19,False,True,False,20678332.5,0.0
2439,2022-06-29 15:21:00+05:30,7.75,7.8,6.9,7.0,703500,2736200,29.71,-58.620689655172406,NIFTY22JUN16050CE,CE,16050.0,2022-06-30,50,NIFTY,500157.5,12.524000000000001,2547832.5,1.41,False,False,True,False,True,False,False,False,False,33150.0,2710300.0,2022-06-29,7,4924500,677529350,66721500,10.15,-3.15,False,True,False,20111070.0,33150.0
2440,2022-06-29 15:23:00+05:30,6.85,7.0,6.35,6.5,634750,2707050,27.94,-44.615384615384606,NIFTY22JUN16050CE,CE,16050.0,2022-06-30,50,NIFTY,522422.5,12.363,2566020.0,1.22,False,True,True,False,True,True,False,False,False,-29150.0,2681150.0,2022-06-29,6,3808500,681337850,67356250,10.12,-4.12,False,False,False,18069558.75,29150.0
2441,2022-06-29 15:25:00+05:30,6.45,6.9,6.3,6.65,650350,2707050,29.3,-59.32203389830506,NIFTY22JUN16050CE,CE,16050.0,2022-06-30,50,NIFTY,527192.5,12.228,2582315.0,1.23,False,False,True,False,True,False,False,True,True,0.0,2681150.0,2022-06-29,6,3902100,685239950,68006600,10.08,-4.08,False,True,False,17866530.0,0.0
2442,2022-06-29 15:27:00+05:30,6.6,6.75,6.15,6.2,508350,2800550,27.61,-57.89473684210523,NIFTY22JUN16050CE,CE,16050.0,2022-06-30,50,NIFTY,534517.5,12.089,2600542.5,0.95,False,False,True,False,True,True,False,False,False,93500.0,2774650.0,2022-06-29,6,3050100,688290050,68514950,10.05,-4.05,False,True,False,18063547.5,93500.0
2443,2022-06-29 15:29:00+05:30,6.15,6.3,5.75,5.8,462650,2800550,26.17,-59.32203389830506,NIFTY22JUN16050CE,CE,16050.0,2022-06-30,50,NIFTY,541735.0,11.933,2618770.0,0.85,False,False,True,False,True,True,False,False,False,0.0,2774650.0,2022-06-29,5,2313250,690603300,68977600,10.01,-5.01,False,False,False,16873313.75,0.0
